planet name,is_berger,rocky planet name,rocky period,rocky per err,rocky rad,rocky rad err,rocky planet mass,rocky planet mass err,env planet name,env period,env per err,env rad,env rad err,env planet mass,env planet mass err,env mass flag,planet reference,star mass,star mass err,star age,star age err,star rad,star rad err,star temp,star temp err,star met,star met err,PEprob,CPMLprob,PRVprob,PE min mass,CPML min mass,PRV min mass,PE200prob,PE1000prob,CPML900prob,CPML1100prob,PRV10prob
EPIC 220674823,1.0,EPIC 220674823 b,0.571292,1.2e-05,1.650068981,0.068492064,8.21,0.75,EPIC 220674823 c,13.3397,0.00096,2.712809104,0.121248552,8.9,2.4,0.0,<a refstr=BONOMO_ET_AL__2023 href=https://ui.adsabs.harvard.edu/abs/2023arXiv230405773B/abstract target=ref>Bonomo et al. 2023</a>,0.976098602,0.049445862,3.4,3.7635,0.946781285,0.031540464,5618.476627,106.6132774,0.100509358,0.136733776,0.813914,0.799197,0.997001,1.054514047,3.83422651,2.244041927,0.820849,0.811088,0.81303,0.804667,0.997508
EPIC 249893012,1.0,EPIC 249893012 b,3.5951,0.0003,1.739404686,0.116321012,8.75,1.085,EPIC 249893012 c,15.624,0.001,3.294833877,0.214934327,14.67,1.865,0.0,<a refstr=HIDALGO_ET_AL__2020 href=https://ui.adsabs.harvard.edu/abs/2020A&A...636A..89H/abstract target=ref>Hidalgo et al. 2020</a>,1.13185994,0.094378475,6.139,2.401,1.533338687,0.083884232,5826.000783,178.1199373,0.159099153,0.154455031,0.997108,0.883441,0.999772,4.707778734,10.3259247,5.10366563,0.994963,0.994075,0.896767,0.903719,0.999964
EPIC 249893012,1.0,EPIC 249893012 b,3.5951,0.0003,1.739404686,0.116321012,8.75,1.085,EPIC 249893012 d,35.747,0.005,3.528984508,0.207211449,10.18,2.44,0.0,<a refstr=HIDALGO_ET_AL__2020 href=https://ui.adsabs.harvard.edu/abs/2020A&A...636A..89H/abstract target=ref>Hidalgo et al. 2020</a>,1.13185994,0.094378475,6.139,2.401,1.533338687,0.083884232,5826.000783,178.1199373,0.159099153,0.154455031,0.992902,0.639589,0.988793,3.338210963,8.980655452,3.817467463,0.992229,0.994474,0.645136,0.688118,0.999924
GJ 9827,1.0,GJ 9827 b,1.2089819,7.1e-06,1.627832575,0.048676451,5.14,0.47,GJ 9827 d,6.20147,6.3e-05,2.087176551,0.067320625,3.53,0.875,0.0,<a refstr=BONOMO_ET_AL__2023 href=https://ui.adsabs.harvard.edu/abs/2023arXiv230405773B/abstract target=ref>Bonomo et al. 2023</a>,0.597527942,0.019290208,13.247,9.6115,0.619199714,0.013658277,4063.23258,26.93486174,-0.228200375,0.130523704,0.882866,0.076742,0.471724,1.918204869,4.972643522,3.574735448,0.866153,0.891241,0.06717,0.077094,0.512296
GJ 9827,1.0,GJ 9827 c,3.648096,6.3e-05,1.28100205,0.039728007,1.3,,GJ 9827 d,6.20147,6.3e-05,2.087176551,0.067320625,3.53,0.875,0.0,<a refstr=BONOMO_ET_AL__2023 href=https://ui.adsabs.harvard.edu/abs/2023arXiv230405773B/abstract target=ref>Bonomo et al. 2023</a>,0.597527942,0.019290208,13.247,9.6115,0.619199714,0.013658277,4063.23258,26.93486174,-0.228200375,0.130523704,0.873351,0.380636,0.919785,2.011254442,3.774996719,2.252441867,0.866552,0.891415,0.354994,0.406283,0.921887
HD 136352,1.0,HD 136352 b,11.57797,0.000105,1.584701238,0.082025834,4.72,0.42,HD 136352 c,27.59221,0.00011,2.775974569,0.142631394,11.24,0.64,0.0,<a refstr=DELREZ_ET_AL__2021 href=https://ui.adsabs.harvard.edu/abs/2021NatAs.tmp..106D/abstract target=ref>Delrez et al. 2021</a>,0.915888753,0.072026632,7.472,5.4415,1.007518278,0.048481582,5785.898817,154.4623015,-0.187445885,0.141186726,0.905977,0.8629,1.0,4.618862132,8.395329611,4.374350715,0.918227,0.908208,0.861129,0.880319,1.0
HD 15337,1.0,HD 15337 b,4.75615,0.00017,1.581015787,0.07937531,7.51,1.05,HD 15337 c,17.1784,0.0016,2.298353443,0.132778324,8.11,1.755,0.0,<a refstr=GANDOLFI_ET_AL__2019 href=https://ui.adsabs.harvard.edu/abs/2019ApJ...876L..24G/abstract target=ref>Gandolfi et al. 2019</a>,0.834703788,0.050154002,7.897,7.586,0.82309061,0.031784328,5160.526824,100.3557812,0.052525095,0.138592077,0.860186,0.764432,0.986997,2.803586299,5.806054293,3.777195728,0.832626,0.84769,0.749777,0.765703,0.988156
GJ 143,1.0,HD 21749 c,7.78993,0.000475,0.923552468,0.047965952,3.7,,GJ 143 b,35.61253,0.00061,2.702703712,0.112842473,22.7,2.05,0.0,<a refstr=DRAGOMIR_ET_AL__2019 href=https://ui.adsabs.harvard.edu/abs/2019ApJ...875L...7D/abstract target=ref>Dragomir et al. 2019</a>,0.694395083,0.040168046,15.081,9.378,0.707947725,0.020557374,4560.193901,93.90327488,-0.028490195,0.127797668,0.994873,0.994919,1.0,0.695202403,1.73830804,0.663680671,0.99416,0.99565,0.995236,0.995688,1.0
HD 23472,1.0,HD 23472 d,3.97664,3.7e-05,0.758327115,0.062821158,0.55,0.205,HD 23472 f,12.1621839,0.0001095,1.149546128,0.07362754,0.77,0.42,0.0,<a refstr=BARROS_ET_AL__2022 href=https://ui.adsabs.harvard.edu/abs/2022arXiv220913345B/abstract target=ref>Barros et al. 2022</a>,0.716532807,0.040098638,11.672,9.704,0.713054567,0.022820319,4705.633184,105.8147873,-0.069482496,0.13356899,0.32623,0.369719,0.721328,20.0,0.814280789,0.515922731,0.368738,0.895695,0.385818,0.374275,0.776228
HD 23472,1.0,HD 23472 d,3.97664,3.7e-05,0.758327115,0.062821158,0.55,0.205,HD 23472 c,29.79749,0.000135,1.889984501,0.101626426,3.41,0.845,0.0,<a refstr=BARROS_ET_AL__2022 href=https://ui.adsabs.harvard.edu/abs/2022arXiv220913345B/abstract target=ref>Barros et al. 2022</a>,0.716532807,0.040098638,11.672,9.704,0.713054567,0.022820319,4705.633184,105.8147873,-0.069482496,0.13356899,0.591431,0.887823,0.999729,0.134729103,0.476968851,0.483634303,0.531372,0.684114,0.870781,0.872617,0.999821
HD 23472,1.0,HD 23472 d,3.97664,3.7e-05,0.758327115,0.062821158,0.55,0.205,HD 23472 b,17.667087,4.2e-05,2.019872325,0.089454134,8.32,0.785,0.0,<a refstr=BARROS_ET_AL__2022 href=https://ui.adsabs.harvard.edu/abs/2022arXiv220913345B/abstract target=ref>Barros et al. 2022</a>,0.716532807,0.040098638,11.672,9.704,0.713054567,0.022820319,4705.633184,105.8147873,-0.069482496,0.13356899,0.890604,0.898173,1.0,0.16361803,0.59738336,0.510318362,0.886438,0.244711,0.874365,0.88228,1.0
HD 23472,1.0,HD 23472 e,7.90754,0.00011,0.82832654,0.069067275,0.72,0.275,HD 23472 f,12.1621839,0.0001095,1.149546128,0.07362754,0.77,0.42,0.0,<a refstr=BARROS_ET_AL__2022 href=https://ui.adsabs.harvard.edu/abs/2022arXiv220913345B/abstract target=ref>Barros et al. 2022</a>,0.716532807,0.040098638,11.672,9.704,0.713054567,0.022820319,4705.633184,105.8147873,-0.069482496,0.13356899,0.017191,0.132484,0.65017,20.0,20.0,0.585634764,0.037833,0.886134,0.150538,0.135731,0.662213
HD 23472,1.0,HD 23472 e,7.90754,0.00011,0.82832654,0.069067275,0.72,0.275,HD 23472 c,29.79749,0.000135,1.889984501,0.101626426,3.41,0.845,0.0,<a refstr=BARROS_ET_AL__2022 href=https://ui.adsabs.harvard.edu/abs/2022arXiv220913345B/abstract target=ref>Barros et al. 2022</a>,0.716532807,0.040098638,11.672,9.704,0.713054567,0.022820319,4705.633184,105.8147873,-0.069482496,0.13356899,0.875811,0.874488,0.999644,0.325964293,0.840973006,0.537207009,0.885683,0.888285,0.858674,0.894204,0.999711
HD 23472,1.0,HD 23472 e,7.90754,0.00011,0.82832654,0.069067275,0.72,0.275,HD 23472 b,17.667087,4.2e-05,2.019872325,0.089454134,8.32,0.785,0.0,<a refstr=BARROS_ET_AL__2022 href=https://ui.adsabs.harvard.edu/abs/2022arXiv220913345B/abstract target=ref>Barros et al. 2022</a>,0.716532807,0.040098638,11.672,9.704,0.713054567,0.022820319,4705.633184,105.8147873,-0.069482496,0.13356899,0.882119,0.881773,1.0,0.476377801,1.05850381,0.566714216,0.881206,0.020587,0.88812,0.88877,1.0
HD 260655,1.0,HD 260655 b,2.76953,3e-05,1.254891924,0.061161183,2.14,0.34,HD 260655 c,5.70588,7e-05,1.552843835,0.085555343,3.09,0.48,0.0,<a refstr=LUQUE_ET_AL__2022 href=https://ui.adsabs.harvard.edu/abs/2022arXiv220410261L/abstract target=ref>Luque et al. 2022</a>,0.439646727,0.01422332,13.503,9.922,0.444885858,0.020187216,3729.573882,67.57119685,-0.501347602,0.11657526,0.759544,0.798293,0.965738,1.485525199,2.358213724,1.947819677,0.794899,0.643215,0.800266,0.809146,0.968981
HD 28109,1.0,HD 28109 b,22.89104,0.000355,2.153540638,0.108484262,18.496,8.3645,HD 28109 d,84.25999,0.00703,2.987458526,0.143436515,5.681,2.424,0.0,<a refstr=DRANSFIELD_ET_AL__2022 href=https://ui.adsabs.harvard.edu/abs/2022MNRAS.tmp.1364D/abstract target=ref>Dransfield et al. 2022</a>,1.241670671,0.061298008,2.234,1.466,1.370124043,0.06098073,6362.796459,176.7211174,0.01776856,0.146383656,0.16318,0.000379,0.862874,8.46433899,18.70271877,1.0,0.210307,0.209455,0.000394,0.000451,0.884143
HD 28109,1.0,HD 28109 b,22.89104,0.000355,2.153540638,0.108484262,18.496,8.3645,HD 28109 c,56.00819,0.00198,3.933462151,0.179658368,7.943,3.6365,0.0,<a refstr=DRANSFIELD_ET_AL__2022 href=https://ui.adsabs.harvard.edu/abs/2022MNRAS.tmp.1364D/abstract target=ref>Dransfield et al. 2022</a>,1.241670671,0.061298008,2.234,1.466,1.370124043,0.06098073,6362.796459,176.7211174,0.01776856,0.146383656,0.062867,0.000489,0.602242,15.12805958,28.69771478,1.0,0.107936,0.272168,0.000304,0.000587,0.97223
K2-136,1.0,K2-136 b,7.9752,0.00079,1.035581679,0.041064446,4.3,,K2-136 c,17.30713,0.00027,3.071973682,0.100727234,18.1,1.85,0.0,<a refstr=MAYO_ET_AL__2023 href=https://arxiv.org/abs/2304.02779 target=ref>Mayo et al. 2023</a>,0.713803597,0.039234517,9.725,8.645,0.69300216,0.019387565,4341.192848,55.75248666,0.281497799,0.109771963,0.880317,0.880634,1.0,1.685596273,3.530476209,1.055068161,0.886553,0.876711,0.887309,0.876818,1.0
K2-199,1.0,K2-199 b,3.2253993,2.4e-06,1.759595002,0.058442411,6.9,1.8,K2-199 c,7.3744897,3.7e-06,2.884655745,0.10283497,12.4,2.3,0.0,<a refstr=AKANA_MURPHY_ET_AL__2021 href=https://ui.adsabs.harvard.edu/abs/2021AJ....162..294A/abstract target=ref>Akana Murphy et al. 2021</a>,0.694055584,0.038842133,10.772,9.0345,0.687631097,0.019511216,4496.436881,102.2232935,-0.043369517,0.13024205,0.885252,0.431258,0.988974,6.053406679,12.73054407,6.622515125,0.879275,0.881577,0.4107,0.443867,0.989869
K2-266,1.0,K2-266 c,7.814,0.00175,0.703572485,0.090055414,,,K2-266 e,19.482,0.0012,2.725578627,0.089604341,14.3,5.7,0.0,<a refstr=RODRIGUEZ_ET_AL__2018 href=https://ui.adsabs.harvard.edu/abs/2018AJ....156..245R/abstract target=ref>Rodriguez et al. 2018</a>,0.716946909,0.040507437,11.943,9.5025,0.701119129,0.01930717,4395.976456,58.20748041,0.27740743,0.112240926,0.845579,0.900689,0.991741,0.483118298,0.907483245,0.404154824,0.8307,0.850728,0.909682,0.908936,0.992365
K2-266,1.0,K2-266 c,7.814,0.00175,0.703572485,0.090055414,,,K2-266 d,14.697,0.000345,2.926708587,0.094292268,8.9,4.75,0.0,<a refstr=RODRIGUEZ_ET_AL__2018 href=https://ui.adsabs.harvard.edu/abs/2018AJ....156..245R/abstract target=ref>Rodriguez et al. 2018</a>,0.716946909,0.040507437,11.943,9.5025,0.701119129,0.01930717,4395.976456,58.20748041,0.27740743,0.112240926,0.836544,0.84708,0.961526,0.610754346,1.12331289,0.389328415,0.840195,0.867357,0.839872,0.84385,0.953026
K2-3,,K2-3 d,44.55603,0.000125,1.49378,0.05202,2.2,,K2-3 c,24.646729,4.3e-05,1.62126,0.05339,2.68,0.85,0.0,<a refstr=DIAMOND_LOWE_ET_AL__2022 href=https://ui.adsabs.harvard.edu/abs/2022AJ....164..172D/abstract target=ref>Diamond-Lowe et al. 2022</a>,0.5389,0.10695,6.9,4.7,0.5592,0.01714,3803.0,36.0,-0.157,0.0775,0.0,0.000415,0.00348,20.0,20.0,20.0,0.0,0.0,0.000118,0.000192,0.001188
K2-3,,K2-3 d,44.55603,0.000125,1.49378,0.05202,2.2,,K2-3 b,10.0546535,8.95e-06,2.12874,0.06934,5.11,0.645,0.0,<a refstr=DIAMOND_LOWE_ET_AL__2022 href=https://ui.adsabs.harvard.edu/abs/2022AJ....164..172D/abstract target=ref>Diamond-Lowe et al. 2022</a>,0.5389,0.10695,6.9,4.7,0.5592,0.01714,3803.0,36.0,-0.157,0.0775,0.0,1.2e-05,0.030219,20.0,9.7112684,7.1428748,0.0,0.0,2e-06,0.0,0.00642
K2-32,1.0,K2-32 e,4.34934,0.00039,1.088508216,0.055072982,2.1,1.2,K2-32 c,20.66093,0.000795,2.81127856,0.120155941,8.1,2.4,0.0,<a refstr=LILLO_BOX_ET_AL__2020 href=https://ui.adsabs.harvard.edu/abs/2020A&A...640A..48L/abstract target=ref>Lillo-Box et al. 2020</a>,0.734695059,0.058329724,15.697,10.189,0.77120215,0.030420239,4955.318718,158.1751375,-0.17752586,0.136174311,0.939741,0.928718,0.998346,1.0322752,2.677380667,1.035909661,0.953425,0.933999,0.927474,0.908712,0.998509
K2-32,1.0,K2-32 e,4.34934,0.00039,1.088508216,0.055072982,2.1,1.2,K2-32 d,31.71701,0.000985,3.115791677,0.132233032,6.7,2.5,0.0,<a refstr=LILLO_BOX_ET_AL__2020 href=https://ui.adsabs.harvard.edu/abs/2020A&A...640A..48L/abstract target=ref>Lillo-Box et al. 2020</a>,0.734695059,0.058329724,15.697,10.189,0.77120215,0.030420239,4955.318718,158.1751375,-0.17752586,0.136174311,0.92878,0.885024,0.988819,0.957128586,2.691229311,1.0,0.914465,0.928459,0.883927,0.878969,0.988607
K2-36,,K2-36 b,1.422614,3.8e-05,1.43,0.08,4.3,1.4,K2-36 c,5.340888,8.6e-05,3.2,0.3,7.9,2.8,0.0,<a refstr=BONOMO_ET_AL__2023 href=https://ui.adsabs.harvard.edu/abs/2023arXiv230405773B/abstract target=ref>Bonomo et al. 2023</a>,0.6944,0.22328,1.4,0.45,0.5159,0.01622,4953.0,71.0,-0.09,0.05,0.984619,0.849179,0.970082,1.746956995,4.700183216,2.508498766,0.981566,0.985226,0.840519,0.8517,0.972925
K2-38,1.0,K2-38 b,4.01593,0.0005,1.539523163,0.105673887,7.7,1.15,K2-38 c,10.56103,0.0009,2.316261441,0.221601763,7.4,1.35,0.0,<a refstr=BONOMO_ET_AL__2023 href=https://ui.adsabs.harvard.edu/abs/2023arXiv230405773B/abstract target=ref>Bonomo et al. 2023</a>,1.07362263,0.060323057,2.72,2.8665,1.060216436,0.037781452,5913.987758,125.7105176,0.06029203,0.138309657,0.804495,0.714435,0.973066,2.796112859,5.451038538,3.850913374,0.81734,0.803489,0.709488,0.726269,0.975426
Kepler-10,1.0,Kepler-10 b,0.8374907,2e-07,1.428150942,0.067181403,3.26,0.3,Kepler-10 c,45.294301,4.8e-05,2.287956098,0.102598401,11.4,1.3,0.0,<a refstr=BONOMO_ET_AL__2023 href=https://ui.adsabs.harvard.edu/abs/2023arXiv230405773B/abstract target=ref>Bonomo et al. 2023</a>,0.993424692,0.069577393,5.134,4.3895,1.029589477,0.044099719,5763.698563,145.1506878,0.016788301,0.140115954,0.871988,0.871476,1.0,0.185758923,1.536708693,1.198453946,0.877454,0.887031,0.878919,0.895892,1.0
Kepler-102,1.0,Kepler-102 b,5.286965,1.2e-05,0.466938772,0.033168655,1.1,,Kepler-102 e,16.1456994,2.2e-06,2.202732935,0.146457266,4.7,1.8,0.0,<a refstr=BONOMO_ET_AL__2023 href=https://ui.adsabs.harvard.edu/abs/2023arXiv230405773B/abstract target=ref>Bonomo et al. 2023</a>,0.737153174,0.041887083,10.592,9.62,0.730694891,0.024008262,4758.978621,86.16036235,0.003911746,0.13901906,0.008886,0.85014,0.919574,20.0,0.333582351,0.146944241,0.000994,0.023988,0.854044,0.860194,0.901874
Kepler-102,1.0,Kepler-102 c,7.071392,2.2e-05,0.575552801,0.037696845,1.7,,Kepler-102 e,16.1456994,2.2e-06,2.202732935,0.146457266,4.7,1.8,0.0,<a refstr=BONOMO_ET_AL__2023 href=https://ui.adsabs.harvard.edu/abs/2023arXiv230405773B/abstract target=ref>Bonomo et al. 2023</a>,0.737153174,0.041887083,10.592,9.62,0.730694891,0.024008262,4758.978621,86.16036235,0.003911746,0.13901906,0.814793,0.846641,0.993508,0.133573441,0.413537343,0.234663121,0.812451,0.827918,0.848519,0.868602,0.993458
Kepler-102,1.0,Kepler-102 d,10.311767,4.1e-06,1.171407271,0.077501082,3.0,1.3,Kepler-102 e,16.1456994,2.2e-06,2.202732935,0.146457266,4.7,1.8,0.0,<a refstr=BONOMO_ET_AL__2023 href=https://ui.adsabs.harvard.edu/abs/2023arXiv230405773B/abstract target=ref>Bonomo et al. 2023</a>,0.737153174,0.041887083,10.592,9.62,0.730694891,0.024008262,4758.978621,86.16036235,0.003911746,0.13901906,0.811757,0.655307,0.943577,1.82724489,3.42496721,1.75083185,0.802389,0.818658,0.65365,0.671173,0.945704
Kepler-102,1.0,Kepler-102 f,27.453592,6e-05,0.873987614,0.043734848,4.3,,Kepler-102 e,16.1456994,2.2e-06,2.202732935,0.146457266,4.7,1.8,0.0,<a refstr=BONOMO_ET_AL__2023 href=https://ui.adsabs.harvard.edu/abs/2023arXiv230405773B/abstract target=ref>Bonomo et al. 2023</a>,0.737153174,0.041887083,10.592,9.62,0.730694891,0.024008262,4758.978621,86.16036235,0.003911746,0.13901906,0.820871,0.782224,0.984325,1.577009797,2.267826553,0.804076918,0.832139,0.840746,0.792088,0.782358,0.983799
Kepler-106,1.0,Kepler-106 b,6.16486,4.2e-05,0.802891673,0.025053144,5.3,,Kepler-106 c,13.5708,1.3e-05,2.445170094,0.076298212,10.44,3.2,0.0,<a refstr=MARCY_ET_AL__2014 href=https://ui.adsabs.harvard.edu/abs/2014ApJS..210...20M/abstract target=ref> Marcy et al. 2014 </a>,1.035677727,0.051282507,2.072,2.3255,1.013890677,0.031637082,6117.143925,126.1417872,-0.223606955,0.134723021,0.827252,0.826995,0.998998,0.346826092,0.891241616,0.58144107,0.823903,0.814654,0.827449,0.806914,0.999036
Kepler-106,1.0,Kepler-106 b,6.16486,4.2e-05,0.802891673,0.025053144,5.3,,Kepler-106 e,43.8445,8.6e-05,2.508207044,0.078265194,11.17,5.8,0.0,<a refstr=MARCY_ET_AL__2014 href=https://ui.adsabs.harvard.edu/abs/2014ApJS..210...20M/abstract target=ref> Marcy et al. 2014 </a>,1.035677727,0.051282507,2.072,2.3255,1.013890677,0.031637082,6117.143925,126.1417872,-0.223606955,0.134723021,0.782986,0.778505,0.96644,0.135265314,0.573120258,0.533713548,0.806881,0.790562,0.794267,0.79905,0.967559
Kepler-106,1.0,Kepler-106 d,23.9802,7.2e-05,0.924541926,0.028849075,8.1,,Kepler-106 c,13.5708,1.3e-05,2.445170094,0.076298212,10.44,3.2,0.0,<a refstr=MARCY_ET_AL__2014 href=https://ui.adsabs.harvard.edu/abs/2014ApJS..210...20M/abstract target=ref> Marcy et al. 2014 </a>,1.035677727,0.051282507,2.072,2.3255,1.013890677,0.031637082,6117.143925,126.1417872,-0.223606955,0.134723021,0.812921,0.81108,0.998533,1.769084572,2.294179896,0.961383343,0.819128,0.830147,0.817007,0.800572,0.998428
Kepler-106,1.0,Kepler-106 d,23.9802,7.2e-05,0.924541926,0.028849075,8.1,,Kepler-106 e,43.8445,8.6e-05,2.508207044,0.078265194,11.17,5.8,0.0,<a refstr=MARCY_ET_AL__2014 href=https://ui.adsabs.harvard.edu/abs/2014ApJS..210...20M/abstract target=ref> Marcy et al. 2014 </a>,1.035677727,0.051282507,2.072,2.3255,1.013890677,0.031637082,6117.143925,126.1417872,-0.223606955,0.134723021,0.78905,0.780438,0.963784,0.929573919,1.589262958,0.760800562,0.790237,0.79005,0.809464,0.777115,0.963697
Kepler-107,1.0,Kepler-107 b,3.1800218,2.9e-06,1.448440842,0.07655979,3.8,1.75,Kepler-107 e,14.749143,1.9e-05,2.737515371,0.141566316,14.1,3.3,0.0,<a refstr=BONOMO_ET_AL__2023 href=https://ui.adsabs.harvard.edu/abs/2023arXiv230405773B/abstract target=ref>Bonomo et al. 2023</a>,1.174119245,0.074028699,4.164,2.338,1.367033016,0.068096329,5996.385043,182.0390449,0.147309432,0.132135579,0.964471,0.949687,0.999704,1.876176489,4.402725903,2.567639462,0.968014,0.965249,0.940997,0.945343,0.999745
Kepler-107,1.0,Kepler-107 c,4.901452,0.0,1.505963495,0.07960233,10.0,2.0,Kepler-107 e,14.749143,1.9e-05,2.737515371,0.141566316,14.1,3.3,0.0,<a refstr=BONOMO_ET_AL__2023 href=https://ui.adsabs.harvard.edu/abs/2023arXiv230405773B/abstract target=ref>Bonomo et al. 2023</a>,1.174119245,0.074028699,4.164,2.338,1.367033016,0.068096329,5996.385043,182.0390449,0.147309432,0.132135579,0.962929,0.940903,0.99918,2.795710148,5.774412915,3.410122319,0.960229,0.955587,0.94043,0.934768,0.999256
Kepler-107,1.0,Kepler-107 d,7.95839,0.00012,0.810976037,0.069745941,7.7,,Kepler-107 e,14.749143,1.9e-05,2.737515371,0.141566316,14.1,3.3,0.0,<a refstr=BONOMO_ET_AL__2023 href=https://ui.adsabs.harvard.edu/abs/2023arXiv230405773B/abstract target=ref>Bonomo et al. 2023</a>,1.174119245,0.074028699,4.164,2.338,1.367033016,0.068096329,5996.385043,182.0390449,0.147309432,0.132135579,0.954574,0.94602,0.999978,0.389197541,1.080314972,0.597039017,0.966377,0.965298,0.95086,0.952785,0.999968
Kepler-114,1.0,Kepler-114 b,5.188549,1.2e-05,1.338328177,0.164460192,,,Kepler-114 c,8.041,1.1e-05,2.108594585,0.339302596,2.8,0.6,0.0,<a refstr=ROWE_ET_AL__2014 href=https://ui.adsabs.harvard.edu/abs/2014ApJ...784...45R/abstract target=ref> Rowe et al. 2014</a>,0.71516077,0.03887533,11.979,10.333,0.711489231,0.021242589,4538.815666,70.91227362,0.160063477,0.13653746,0.470089,0.149054,0.528966,2.913196212,4.72656502,2.636561894,0.464483,0.509308,0.145283,0.145779,0.522133
Kepler-114,1.0,Kepler-114 b,5.188549,1.2e-05,1.338328177,0.164460192,,,Kepler-114 d,11.776,4e-06,3.334215221,0.53227872,3.9,1.7,0.0,<a refstr=ROWE_ET_AL__2014 href=https://ui.adsabs.harvard.edu/abs/2014ApJ...784...45R/abstract target=ref> Rowe et al. 2014</a>,0.71516077,0.03887533,11.979,10.333,0.711489231,0.021242589,4538.815666,70.91227362,0.160063477,0.13653746,0.497421,0.130544,0.750549,3.599704278,7.784106771,2.355039646,0.465603,0.630769,0.118609,0.131742,0.921554
Kepler-20,1.0,Kepler-20 b,3.6961049,1.6e-06,1.718847304,0.076930667,9.7,1.3,Kepler-20 d,77.611455,9.6e-05,2.526404999,0.106196437,13.4,3.65,0.0,<a refstr=BONOMO_ET_AL__2023 href=https://ui.adsabs.harvard.edu/abs/2023arXiv230405773B/abstract target=ref>Bonomo et al. 2023</a>,0.917206444,0.049526013,4.907,5.296,0.891698107,0.032607168,5413.356974,105.6981642,0.106854981,0.136543811,0.835637,0.828392,0.997694,1.4232654,4.831390613,2.911516217,0.820815,0.819066,0.831307,0.798504,0.997864
Kepler-20,1.0,Kepler-20 b,3.6961049,1.6e-06,1.718847304,0.076930667,9.7,1.3,Kepler-20 c,10.8540774,2.1e-06,2.805608551,0.112134697,11.1,2.1,0.0,<a refstr=BONOMO_ET_AL__2023 href=https://ui.adsabs.harvard.edu/abs/2023arXiv230405773B/abstract target=ref>Bonomo et al. 2023</a>,0.917206444,0.049526013,4.907,5.296,0.891698107,0.032607168,5413.356974,105.6981642,0.106854981,0.136543811,0.831064,0.605019,0.990436,5.037685269,9.898558722,5.563465124,0.821684,0.82379,0.583804,0.599446,0.9904
Kepler-20,1.0,Kepler-20 e,6.0984882,9.9e-06,0.795924182,0.037105658,0.76,,Kepler-20 d,77.611455,9.6e-05,2.526404999,0.106196437,13.4,3.65,0.0,<a refstr=BONOMO_ET_AL__2023 href=https://ui.adsabs.harvard.edu/abs/2023arXiv230405773B/abstract target=ref>Bonomo et al. 2023</a>,0.917206444,0.049526013,4.907,5.296,0.891698107,0.032607168,5413.356974,105.6981642,0.106854981,0.136543811,0.046849,0.827742,0.999795,20.0,0.543711565,0.459332626,0.044935,0.805653,0.833843,0.837534,0.999822
Kepler-20,1.0,Kepler-20 e,6.0984882,9.9e-06,0.795924182,0.037105658,0.76,,Kepler-20 c,10.8540774,2.1e-06,2.805608551,0.112134697,11.1,2.1,0.0,<a refstr=BONOMO_ET_AL__2023 href=https://ui.adsabs.harvard.edu/abs/2023arXiv230405773B/abstract target=ref>Bonomo et al. 2023</a>,0.917206444,0.049526013,4.907,5.296,0.891698107,0.032607168,5413.356974,105.6981642,0.106854981,0.136543811,0.834373,0.832559,1.0,0.614380131,1.168015034,0.561092677,0.823036,0.048948,0.826057,0.822617,1.0
Kepler-20,1.0,Kepler-20 f,19.578328,4.8e-05,0.922923122,0.073882355,1.4,,Kepler-20 d,77.611455,9.6e-05,2.526404999,0.106196437,13.4,3.65,0.0,<a refstr=BONOMO_ET_AL__2023 href=https://ui.adsabs.harvard.edu/abs/2023arXiv230405773B/abstract target=ref>Bonomo et al. 2023</a>,0.917206444,0.049526013,4.907,5.296,0.891698107,0.032607168,5413.356974,105.6981642,0.106854981,0.136543811,0.804742,0.803383,0.999763,0.783805466,1.497641896,0.640196837,0.831259,0.824532,0.799373,0.82496,0.999769
Kepler-20,1.0,Kepler-20 f,19.578328,4.8e-05,0.922923122,0.073882355,1.4,,Kepler-20 c,10.8540774,2.1e-06,2.805608551,0.112134697,11.1,2.1,0.0,<a refstr=BONOMO_ET_AL__2023 href=https://ui.adsabs.harvard.edu/abs/2023arXiv230405773B/abstract target=ref>Bonomo et al. 2023</a>,0.917206444,0.049526013,4.907,5.296,0.891698107,0.032607168,5413.356974,105.6981642,0.106854981,0.136543811,0.81383,0.810716,1.0,2.655673656,3.112092207,0.985314891,0.790554,0.830707,0.833536,0.822152,0.999998
Kepler-26,1.0,Kepler-26 d,3.543919,1.5e-05,1.146614663,0.092646361,,,Kepler-26 c,17.2559,0.0006,3.257671523,0.208552122,6.2,0.65,0.0,<a refstr=ROWE_ET_AL__2014 href=https://ui.adsabs.harvard.edu/abs/2014ApJ...784...45R/abstract target=ref> Rowe et al. 2014</a>,0.588375393,0.014404976,12.423,9.3205,0.610674832,0.015133959,3961.211671,19.88998154,-0.118982907,0.120119832,0.915273,0.884226,1.0,1.485048469,3.92572873,1.167238385,0.925942,0.91893,0.875519,0.883836,1.0
Kepler-26,1.0,Kepler-26 d,3.543919,1.5e-05,1.146614663,0.092646361,,,Kepler-26 b,12.28,0.0003,3.329531888,0.203011081,5.12,0.63,0.0,<a refstr=ROWE_ET_AL__2014 href=https://ui.adsabs.harvard.edu/abs/2014ApJ...784...45R/abstract target=ref> Rowe et al. 2014</a>,0.588375393,0.014404976,12.423,9.3205,0.610674832,0.015133959,3961.211671,19.88998154,-0.118982907,0.120119832,0.912043,0.668798,1.0,1.813283064,4.365738986,1.279393794,0.91668,0.900877,0.651738,0.701619,1.0
Kepler-305,1.0,Kepler-305 e,3.20538,1.4e-05,1.68108,0.09232,,,Kepler-305 c,8.291,3.1e-05,3.213322261,0.802023006,6.0,2.3,0.0,<a refstr=ARMSTRONG_ET_AL__2021 href=https://ui.adsabs.harvard.edu/abs/2021MNRAS.504.5327A/abstract target=ref>Armstrong et al. 2021</a>,0.795741844,0.041446213,8.089,7.976,0.778810487,0.028202047,4959.572482,86.71021594,0.093230609,0.140013107,0.482348,0.082775,0.580556,5.64658491,12.74509133,5.282174505,0.435544,0.731554,0.06934,0.079899,0.577173
Kepler-305,1.0,Kepler-305 e,3.20538,1.4e-05,1.68108,0.09232,,,Kepler-305 b,5.487,1.24e-05,3.505442466,0.876790147,10.5,2.3,0.0,<a refstr=ARMSTRONG_ET_AL__2021 href=https://ui.adsabs.harvard.edu/abs/2021MNRAS.504.5327A/abstract target=ref>Armstrong et al. 2021</a>,0.795741844,0.041446213,8.089,7.976,0.778810487,0.028202047,4959.572482,86.71021594,0.093230609,0.140013107,0.657927,0.180154,0.91628,8.080157956,16.16552449,6.110396737,0.572792,0.579947,0.178738,0.194342,0.922365
Kepler-36,1.0,Kepler-36 b,13.86825,0.0005,1.432183426,0.089321872,3.83,0.105,Kepler-36 c,16.21865,0.0001,3.504239236,0.155081022,7.13,0.18,0.0,<a refstr=VISSAPRAGADA_ET_AL__2020 href=https://ui.adsabs.harvard.edu/abs/2020AJ....159..108V/abstract target=ref>Vissapragada et al. 2020</a>,1.169050155,0.078454098,4.494,1.6665,1.558030244,0.068614873,6126.079905,168.7378577,-0.058955481,0.13782329,0.754269,0.116566,0.99692,6.172313505,9.200302405,3.814568674,0.892412,0.991129,0.091497,0.141896,0.997344
Kepler-411,1.0,Kepler-411 b,3.005156,2e-06,2.144213369,0.066719393,25.6,2.6,Kepler-411 d,58.02035,0.00056,2.998674336,0.093715699,15.2,5.1,0.0,<a refstr=SUN_ET_AL__2019 href=https://ui.adsabs.harvard.edu/abs/2019A&A...624A..15S/abstract target=ref>Sun et al. 2019</a>,0.757504756,0.041088937,9.263,8.743,0.739021647,0.022313983,4746.423364,69.04224685,0.126286079,0.139495048,0.857921,0.58068,0.995515,3.190392549,13.36950052,1.0,0.858801,0.971987,0.576862,0.598053,0.995805
Kepler-411,1.0,Kepler-411 b,3.005156,2e-06,2.144213369,0.066719393,25.6,2.6,Kepler-411 c,7.834435,2e-06,3.61936768,0.109579899,26.4,5.9,0.0,<a refstr=SUN_ET_AL__2019 href=https://ui.adsabs.harvard.edu/abs/2019A&A...624A..15S/abstract target=ref>Sun et al. 2019</a>,0.757504756,0.041088937,9.263,8.743,0.739021647,0.022313983,4746.423364,69.04224685,0.126286079,0.139495048,0.961969,0.369574,0.961585,14.01144478,29.84300834,15.06720499,0.954765,0.868982,0.363473,0.391099,0.960061
Kepler-595,1.0,Kepler-595 c,12.38602,5e-06,1.039813123,0.307178855,3.3,1.35,Kepler-595 b,25.3029092,6e-06,3.821236024,1.125241602,17.4,5.45,0.0,<a refstr=YOFFE_ET_AL__2021 href=https://ui.adsabs.harvard.edu/abs/2021ApJ...908..114Y/abstract target=ref>Yoffe et al. 2021</a>,0.876736034,0.042014707,5.438,6.1155,0.844849688,0.027276461,5165.796034,82.64925872,0.233005869,0.122084123,0.839893,0.835045,0.976331,3.488787013,5.050315513,1.084533237,0.822533,0.829741,0.817481,0.836853,0.984856
Kepler-68,1.0,Kepler-68 c,9.605027,1.3e-05,0.925973426,0.046781431,1.3,,Kepler-68 b,5.39875259,5.2e-07,2.229335519,0.106238458,8.03,0.67,0.0,<a refstr=BONOMO_ET_AL__2023 href=https://ui.adsabs.harvard.edu/abs/2023arXiv230405773B/abstract target=ref>Bonomo et al. 2023</a>,1.095870406,0.07044366,4.353,3.189,1.19148304,0.054766331,5904.524789,161.5222427,0.143619889,0.137786295,0.930498,0.931707,1.0,1.478374897,2.100759759,0.879845922,0.913582,0.906373,0.939763,0.920516,1.0
Kepler-80,1.0,Kepler-80 d,3.07222,5e-05,1.586252328,0.106031812,6.75,0.6,Kepler-80 e,4.64489,0.000195,1.658825995,0.104010195,4.13,0.88,0.0,<a refstr=SHALLUE__AMP__VANDERBURG_2018 href=https://ui.adsabs.harvard.edu/abs/2018AJ....155...94S/abstract target=ref>Shallue &amp; Vanderburg 2018</a>,0.737868735,0.029738896,8.407,9.4955,0.704841092,0.020779194,4557.603951,69.70195639,0.173496032,0.140343414,0.015335,0.057174,0.182154,20.0,20.0,20.0,0.023395,0.793196,0.063189,0.055611,0.187873
Kepler-80,1.0,Kepler-80 d,3.07222,5e-05,1.586252328,0.106031812,6.75,0.6,Kepler-80 b,7.05246,0.00021,2.768165804,0.15503963,6.93,0.875,0.0,<a refstr=SHALLUE__AMP__VANDERBURG_2018 href=https://ui.adsabs.harvard.edu/abs/2018AJ....155...94S/abstract target=ref>Shallue &amp; Vanderburg 2018</a>,0.737868735,0.029738896,8.407,9.4955,0.704841092,0.020779194,4557.603951,69.70195639,0.173496032,0.140343414,0.817107,0.168228,0.943376,4.268185254,9.05371621,4.373769166,0.791374,0.794164,0.167878,0.174712,0.947269
Kepler-80,1.0,Kepler-80 d,3.07222,5e-05,1.586252328,0.106031812,6.75,0.6,Kepler-80 c,9.52355,0.00035,2.840739472,0.164318104,6.74,1.045,0.0,<a refstr=SHALLUE__AMP__VANDERBURG_2018 href=https://ui.adsabs.harvard.edu/abs/2018AJ....155...94S/abstract target=ref>Shallue &amp; Vanderburg 2018</a>,0.737868735,0.029738896,8.407,9.4955,0.704841092,0.020779194,4557.603951,69.70195639,0.173496032,0.140343414,0.799486,0.203755,0.959515,3.686544199,8.631521605,3.998927225,0.785949,0.009126,0.20145,0.203691,0.970794
Kepler-80,1.0,Kepler-80 f,0.9867873,6e-08,1.254487144,0.077334627,,,Kepler-80 e,4.64489,0.000195,1.658825995,0.104010195,4.13,0.88,0.0,<a refstr=SHALLUE__AMP__VANDERBURG_2018 href=https://ui.adsabs.harvard.edu/abs/2018AJ....155...94S/abstract target=ref>Shallue &amp; Vanderburg 2018</a>,0.737868735,0.029738896,8.407,9.4955,0.704841092,0.020779194,4557.603951,69.70195639,0.173496032,0.140343414,0.772623,0.816937,0.997349,0.944586384,1.901835181,1.528189164,0.755498,0.812304,0.79908,0.79468,0.997804
Kepler-80,1.0,Kepler-80 f,0.9867873,6e-08,1.254487144,0.077334627,,,Kepler-80 b,7.05246,0.00021,2.768165804,0.15503963,6.93,0.875,0.0,<a refstr=SHALLUE__AMP__VANDERBURG_2018 href=https://ui.adsabs.harvard.edu/abs/2018AJ....155...94S/abstract target=ref>Shallue &amp; Vanderburg 2018</a>,0.737868735,0.029738896,8.407,9.4955,0.704841092,0.020779194,4557.603951,69.70195639,0.173496032,0.140343414,0.8031,0.802248,1.0,0.990335387,3.052393304,1.367894841,0.830922,0.805084,0.817862,0.810058,1.0
Kepler-80,1.0,Kepler-80 f,0.9867873,6e-08,1.254487144,0.077334627,,,Kepler-80 c,9.52355,0.00035,2.840739472,0.164318104,6.74,1.045,0.0,<a refstr=SHALLUE__AMP__VANDERBURG_2018 href=https://ui.adsabs.harvard.edu/abs/2018AJ....155...94S/abstract target=ref>Shallue &amp; Vanderburg 2018</a>,0.737868735,0.029738896,8.407,9.4955,0.704841092,0.020779194,4557.603951,69.70195639,0.173496032,0.140343414,0.806846,0.806019,1.0,0.875038316,2.882576481,1.290663715,0.809385,0.715112,0.798394,0.817314,1.0
Kepler-80,1.0,Kepler-80 g,14.64558,0.00012,1.176283078,0.150134136,,,Kepler-80 e,4.64489,0.000195,1.658825995,0.104010195,4.13,0.88,0.0,<a refstr=SHALLUE__AMP__VANDERBURG_2018 href=https://ui.adsabs.harvard.edu/abs/2018AJ....155...94S/abstract target=ref>Shallue &amp; Vanderburg 2018</a>,0.737868735,0.029738896,8.407,9.4955,0.704841092,0.020779194,4557.603951,69.70195639,0.173496032,0.140343414,0.027174,0.330263,0.715161,20.0,20.0,2.864370373,0.031545,0.707824,0.326601,0.342262,0.702553
Kepler-80,1.0,Kepler-80 g,14.64558,0.00012,1.176283078,0.150134136,,,Kepler-80 b,7.05246,0.00021,2.768165804,0.15503963,6.93,0.875,0.0,<a refstr=SHALLUE__AMP__VANDERBURG_2018 href=https://ui.adsabs.harvard.edu/abs/2018AJ....155...94S/abstract target=ref>Shallue &amp; Vanderburg 2018</a>,0.737868735,0.029738896,8.407,9.4955,0.704841092,0.020779194,4557.603951,69.70195639,0.173496032,0.140343414,0.643622,0.447225,0.99214,5.619121578,7.346328265,2.517688046,0.611938,0.773887,0.447742,0.466443,0.993132
Kepler-80,1.0,Kepler-80 g,14.64558,0.00012,1.176283078,0.150134136,,,Kepler-80 c,9.52355,0.00035,2.840739472,0.164318104,6.74,1.045,0.0,<a refstr=SHALLUE__AMP__VANDERBURG_2018 href=https://ui.adsabs.harvard.edu/abs/2018AJ....155...94S/abstract target=ref>Shallue &amp; Vanderburg 2018</a>,0.737868735,0.029738896,8.407,9.4955,0.704841092,0.020779194,4557.603951,69.70195639,0.173496032,0.140343414,0.711583,0.474534,0.990396,4.728463468,6.898623604,2.172905951,0.684409,0.020534,0.480811,0.498142,0.993675
Kepler-82,1.0,Kepler-82 d,2.382961,5e-06,1.664057385,0.359836291,,,Kepler-82 b,26.44,0.48,4.008136176,0.151909681,12.15,0.915,0.0,<a refstr=ROWE_ET_AL__2014 href=https://ui.adsabs.harvard.edu/abs/2014ApJ...784...45R/abstract target=ref> Rowe et al. 2014</a>,0.930020347,0.049561373,3.777,4.3305,0.883536193,0.031963099,5490.711269,109.603586,0.032581171,0.140124928,0.802563,0.567315,0.956002,3.713126196,10.2151459,3.099525821,0.793193,0.78996,0.571305,0.560386,1.0
L 98-59,1.0,L 98-59 b,2.2531136,1.35e-06,0.824650229,0.045330093,0.4,0.155,L 98-59 c,3.6906745,2.5e-06,1.280308875,0.071104046,2.42,0.345,0.0,<a refstr=DEMANGEON_ET_AL__2021 href=https://ui.adsabs.harvard.edu/abs/2021A&A...653A..41D/abstract target=ref>Demangeon et al. 2021</a>,0.278946577,0.010286497,13.791,10.006,0.300968432,0.014398716,3386.785598,51.71852892,-0.303249442,0.14630701,0.703913,0.918802,1.0,0.54797101,0.725474253,0.620626427,0.799866,0.704959,0.915623,0.918985,0.999999
L 98-59,1.0,L 98-59 b,2.2531136,1.35e-06,0.824650229,0.045330093,0.4,0.155,L 98-59 d,7.450729,6e-06,1.519956433,0.084315106,2.31,0.455,0.0,<a refstr=DEMANGEON_ET_AL__2021 href=https://ui.adsabs.harvard.edu/abs/2021A&A...653A..41D/abstract target=ref>Demangeon et al. 2021</a>,0.278946577,0.010286497,13.791,10.006,0.300968432,0.014398716,3386.785598,51.71852892,-0.303249442,0.14630701,0.911825,0.911421,0.9999,0.243233021,0.677944859,0.61058028,0.908274,0.929025,0.906966,0.916546,0.99996
LP 791-18,1.0,LP 791-18 b,0.9479981,2.1e-06,1.114173738,0.056352056,,,LP 791-18 c,4.9899093,7.3e-06,2.239489213,0.093682732,7.1,0.7,0.0,<a refstr=PETERSON_ET_AL__2023 href=https://www.nature.com/articles/s41586-023-05934-8 target=ref>Peterson et al. 2023</a>,0.138997417,0.005076763,13.786,9.8385,0.167453365,0.006878531,2953.761393,37.68670384,0.097980104,0.207332271,0.924086,0.923885,1.0,0.655632436,2.255319995,1.016213125,0.944608,0.918353,0.92581,0.917045,1.0
LP 791-18,1.0,LP 791-18 d,2.753436,1.3e-05,0.948326237,0.042281142,0.9,0.45,LP 791-18 c,4.9899093,7.3e-06,2.239489213,0.093682732,7.1,0.7,0.0,<a refstr=PETERSON_ET_AL__2023 href=https://www.nature.com/articles/s41586-023-05934-8 target=ref>Peterson et al. 2023</a>,0.138997417,0.005076763,13.786,9.8385,0.167453365,0.006878531,2953.761393,37.68670384,0.097980104,0.207332271,0.916598,0.916846,1.0,0.875532039,2.168987928,0.834586085,0.920755,0.92239,0.920088,0.902674,1.0
LTT 3780,1.0,LTT 3780 b,0.76837883,5.2e-07,1.310160897,0.070209158,2.47,0.24,LTT 3780 c,12.252196,3.5e-05,2.314479818,0.146237769,7.02,0.68,0.0,<a refstr=LUQUE__AMP__PALL_EACUTE__2022 href=https://ui.adsabs.harvard.edu/abs/2022Sci...377.1211L/abstract target=ref>Luque &amp; Pall&eacute; 2022</a>,0.358318179,0.010682589,14.355,9.835,0.378910088,0.015473191,3369.658747,21.70527539,0.041410031,0.128408135,0.926182,0.926279,1.0,0.676765671,2.439736491,1.239812956,0.921029,0.922055,0.907994,0.923312,1.0
TOI-1468,1.0,TOI-1468 b,1.8805136,2.5e-06,1.317951424,0.080183576,3.21,0.24,TOI-1468 c,15.532482,3.35e-05,2.125196663,0.121177352,6.64,0.675,0.0,<a refstr=CHATURVEDI_ET_AL__2022 href=https://ui.adsabs.harvard.edu/abs/2022A&A...666A.155C/abstract target=ref>Chaturvedi et al. 2022</a>,0.329203772,0.015660697,14.89,9.648,0.350001424,0.015382976,3412.075032,42.08445905,-0.207999602,0.150001907,0.929046,0.928822,1.0,0.93384589,2.829090296,1.495768133,0.939967,0.936992,0.930859,0.955089,1.0
TOI-270,1.0,TOI-270 b,3.3601538,4.8e-06,1.11330208,0.045201843,1.58,0.26,TOI-270 d,11.379573,1.3e-05,1.968485836,0.070115451,4.78,0.43,0.0,<a refstr=VAN_EYLEN_ET_AL__2021 href=https://ui.adsabs.harvard.edu/abs/2021MNRAS.507.2154V/abstract target=ref>Van Eylen et al. 2021</a>,0.338590438,0.009904973,14.74,9.7515,0.349543287,0.011540787,3532.377983,41.97547309,-0.456802358,0.099923589,0.918898,0.918735,1.0,0.911949701,2.141627323,1.158969217,0.929151,0.933313,0.918447,0.938781,1.0
TOI-270,1.0,TOI-270 b,3.3601538,4.8e-06,1.11330208,0.045201843,1.58,0.26,TOI-270 c,5.6605731,3.1e-06,2.173607931,0.076701182,6.15,0.37,0.0,<a refstr=VAN_EYLEN_ET_AL__2021 href=https://ui.adsabs.harvard.edu/abs/2021MNRAS.507.2154V/abstract target=ref>Van Eylen et al. 2021</a>,0.338590438,0.009904973,14.74,9.7515,0.349543287,0.011540787,3532.377983,41.97547309,-0.456802358,0.099923589,0.934016,0.93442,1.0,1.548960303,2.975605581,1.380983231,0.93204,0.926788,0.942837,0.92114,1.0
TOI-431,1.0,TOI-431 b,0.490047,8.5e-06,1.314462879,0.068252354,3.07,0.35,TOI-431 d,12.46103,2e-05,3.378580375,0.167840483,9.9,1.51,0.0,<a refstr=OSBORN_ET_AL__2021 href=https://ui.adsabs.harvard.edu/abs/2021MNRAS.507.2782O/abstract target=ref>Osborn et al. 2021</a>,0.775074859,0.039778384,9.564,8.861,0.749484543,0.023329878,4783.796858,71.26620395,0.13410768,0.139414567,0.8802,0.879986,1.0,0.650769571,2.724021455,1.119257504,0.867343,0.868914,0.880998,0.864822,1.0
